Workbook

Sheet Sample Data
A1: Brand | B1: Modello | C1: Categoria URL | D1: Categoria | E1: Sottocategoria | F1: Prezzo (€) | G1: N. Colori | H1: Taglie | I1: N. Taglie | J1: URL Prodotto | K1: Data Rilevazione
A2: Diadora | B2: B.Elite | C2: Sneakers | D2: Sneakers | E2: Retro/Heritage | F2: 89.95 | G2: 3 | H2: 40,41,42,43,44,45 | I2: 6 | J2: https://www.diadora.com/it/it/b-elite | K2: 2024-11-15 14:32
A3: Diadora | B3: N9000 | C3: Sneakers | D3: Sneakers | E3: Retro/Heritage | F3: 109.95 | G3: 4 | H3: 39,40,41,42,43,44 | I3: 6 | J3: https://www.diadora.com/it/it/n9000 | K3: 2024-11-15 14:33
A4: Diadora | B4: Mythos Blushield | C4: Running | D4: Running | E4: Strada | F4: 129.95 | G4: 2 | H4: 40,41,42,43,44,45,46 | I4: 7 | J4: https://www.diadora.com/it/it/mythos | K4: 2024-11-15 14:35
A5: Diadora | B5: Pichola | C5: Running | D5: Running | E5: Allenamento | F5: 89.95 | G5: 3 | H5: 39,40,41,42,43,44 | I5: 6 | J5: https://www.diadora.com/it/it/pichola | K5: 2024-11-15 14:36
A6: Diadora | B6: Brasil Elite | C6: Calcio | D6: Calcio | E6: Terreno Naturale | F6: 74.95 | G6: 2 | H6: 38,39,40,41,42,43,44,45 | I6: 8 | J6: https://www.diadora.com/it/it/brasil-elite | K6: 2024-11-15 14:38
A7: Diadora | B7: DD-NA 4 R LPX | C7: Calcio | D7: Calcio | E7: Indoor | F7: 64.95 | G7: 1 | H7: 38,39,40,41,42,43 | I7: 6 | J7: https://www.diadora.com/it/it/ddna | K7: 2024-11-15 14:39
A8: Diadora | B8: Slide | C8: Sandali | D8: Sandali | E8: Slides | F8: 34.95 | G8: 3 | H8: 38,39,40,41,42,43,44,45 | I8: 8 | J8: https://www.diadora.com/it/it/slide | K8: 2024-11-15 14:40
A9: Nike | B9: Air Force 1 | C9: Sneakers | D9: Sneakers | E9: Retro/Heritage | F9: 119.95 | G9: 8 | H9: 36,37,38,39,40,41,42,43,44,45 | I9: 10 | J9: https://www.nike.com/it/air-force-1 | K9: 2024-11-15 15:00
A10: Nike | B10: Air Max 90 | C10: Sneakers | D10: Sneakers | E10: Retro/Heritage | F10: 149.95 | G10: 12 | H10: 36,37,38,39,40,41,42,43,44,45,46 | I10: 11 | J10: https://www.nike.com/it/air-max-90 | K10: 2024-11-15 15:01
A11: Nike | B11: Pegasus 41 | C11: Running | D11: Running | E11: Strada | F11: 139.95 | G11: 6 | H11: 36,37,38,39,40,41,42,43,44,45 | I11: 10 | J11: https://www.nike.com/it/pegasus-41 | K11: 2024-11-15 15:03
A12: Nike | B12: Mercurial Vapor | C12: Calcio | D12: Calcio | E12: Terreno Naturale | F12: 179.95 | G12: 5 | H12: 36,37,38,39,40,41,42,43,44,45 | I12: 10 | J12: https://www.nike.com/it/mercurial | K12: 2024-11-15 15:05
A13: Nike | B13: Benassi JDI | C13: Sandali | D13: Sandali | E13: Slides | F13: 34.95 | G13: 10 | H13: 36,37,38,39,40,41,42,43,44,45 | I13: 10 | J13: https://www.nike.com/it/benassi | K13: 2024-11-15 15:06
... A24: Asics | B24: Gel-Resolution 9 | C24: Tennis | D24: Tennis | E24: Cemento | F24: 149.95 | G24: 4 | H24: 36,37,38,39,40,41,42,43,44,45 | I24: 10 | J24: https://www.asics.com/it/gel-resolution | K24: 2024-11-15 16:16

Sheet Price Summary
A1: Brand | B1: Prezzo Medio (€) | C1: Prezzo Min (€) | D1: Prezzo Max (€) | E1: N. Modelli
A2: Diadora | B2: =IFERROR(AVERAGEIF('Sample Data'!A2:A1000,A2,'Sample Data'!F2:F1000),"-") | C2: =IFERROR(MINIFS('Sample Data'!F2:F1000,'Sample Data'!A2:A1000,A2),"-") | D2: =IFERROR(MAXIFS('Sample Data'!F2:F1000,'Sample Data'!A2:A1000,A2),"-") | E2: =COUNTIF('Sample Data'!A2:A1000,A2)
A3: Nike | B3: =IFERROR(AVERAGEIF('Sample Data'!A2:A1000,A3,'Sample Data'!F2:F1000),"-") | C3: =IFERROR(MINIFS('Sample Data'!F2:F1000,'Sample Data'!A2:A1000,A3),"-") | D3: =IFERROR(MAXIFS('Sample Data'!F2:F1000,'Sample Data'!A2:A1000,A3),"-") | E3: =COUNTIF('Sample Data'!A2:A1000,A3)
A4: Adidas | B4: =IFERROR(AVERAGEIF('Sample Data'!A2:A1000,A4,'Sample Data'!F2:F1000),"-") | C4: =IFERROR(MINIFS('Sample Data'!F2:F1000,'Sample Data'!A2:A1000,A4),"-") | D4: =IFERROR(MAXIFS('Sample Data'!F2:F1000,'Sample Data'!A2:A1000,A4),"-") | E4: =COUNTIF('Sample Data'!A2:A1000,A4)
A5: Puma | B5: =IFERROR(AVERAGEIF('Sample Data'!A2:A1000,A5,'Sample Data'!F2:F1000),"-") | C5: =IFERROR(MINIFS('Sample Data'!F2:F1000,'Sample Data'!A2:A1000,A5),"-") | D5: =IFERROR(MAXIFS('Sample Data'!F2:F1000,'Sample Data'!A2:A1000,A5),"-") | E5: =COUNTIF('Sample Data'!A2:A1000,A5)
A6: New Balance | B6: =IFERROR(AVERAGEIF('Sample Data'!A2:A1000,A6,'Sample Data'!F2:F1000),"-") | C6: =IFERROR(MINIFS('Sample Data'!F2:F1000,'Sample Data'!A2:A1000,A6),"-") | D6: =IFERROR(MAXIFS('Sample Data'!F2:F1000,'Sample Data'!A2:A1000,A6),"-") | E6: =COUNTIF('Sample Data'!A2:A1000,A6)
A7: Asics | B7: =IFERROR(AVERAGEIF('Sample Data'!A2:A1000,A7,'Sample Data'!F2:F1000),"-") | C7: =IFERROR(MINIFS('Sample Data'!F2:F1000,'Sample Data'!A2:A1000,A7),"-") | D7: =IFERROR(MAXIFS('Sample Data'!F2:F1000,'Sample Data'!A2:A1000,A7),"-") | E7: =COUNTIF('Sample Data'!A2:A1000,A7)
